{
  "version": 1,
  "created_unix_s": 1776372438.5487282,
  "metadata": {
    "grid": 3,
    "settle_sec": 0.8,
    "sample_sec": 1.2,
    "image_shape": [
      1408,
      1408,
      3
    ],
    "gaze_source": "open-model",
    "model_projection": "rgb_factory_projection_scaled",
    "gaze_projection_depth_m": 1.0
  },
  "model": {
    "matrix": [
      [
        0.35909229250841,
        1.0955874155831171
      ],
      [
        -1.7036306121931832,
        -5.469002161169301
      ],
      [
        1779.778836339105,
        4275.289541399097
      ]
    ],
    "rmse_px": 493.2808890759343,
    "sample_count": 61
  },
  "old": {
    "matrix": [
      [
        2.280671729555383,
        25.709114651940705
      ],
      [
        -26.917322127064498,
        59.78185915397327
      ],
      [
        30749.154997180616,
        -87913.08052250002
      ]
    ],
    "rmse_px": 523.8094298164598,
    "sample_count": 61
  }
}